{
  "Mucho_Trafico": {
    "frecuencias_dominantes": [
      349.7199736445783,
      66.429931640625,
      203.18509615384616,
      134.58251953125,
      482.79708059210526,
      525.3204345703125,
      829.7012329101562,
      803.64990234375,
      652.276611328125,
      859.1748046875,
      1199.3994140625,
      996.9873046875
    ],
    "frecuencias_conteo": [
      83,
      50,
      39,
      38,
      19,
      12,
      8,
      7,
      6,
      5,
      5,
      5
    ],
    "rango_min": 26.91650390625,
    "rango_max": 4984.9365234375,
    "num_muestras": 405,
    "fundamental_estimada": 349.7199736445783,
    "clase_normalizada": "mucho trafico"
  },
  "Poco_Trafico": {
    "frecuencias_dominantes": [
      126.4537353515625,
      333.7646484375,
      240.753173828125,
      670.220947265625,
      282.9597473144531,
      496.34033203125,
      376.8310546875,
      1054.4540405273438,
      1009.368896484375,
      967.4560546875,
      842.486572265625,
      892.730712890625
    ],
    "frecuencias_conteo": [
      100,
      18,
      18,
      16,
      16,
      10,
      9,
      8,
      8,
      7,
      6,
      6
    ],
    "rango_min": 21.533203125,
    "rango_max": 1975.67138671875,
    "num_muestras": 335,
    "fundamental_estimada": 126.4537353515625,
    "clase_normalizada": "poco trafico"
  }
}